{
    "pools": [
      {
        "rolls": 1,
        "bonus_rolls": {
          "min": 0,
          "max": 1
        },
        "entries": [
          {
            "type": "minecraft:item",
            "name": "minecraft:feather",
            "functions": [
              {
                "function": "minecraft:set_count",
                "count": {
                  "min": 1,
                  "max": 4
                },
                "conditions": [
                  {
                    "condition": "minecraft:random_chance",
                    "chance": 0.25
                  }
                ]
              },
              {
                "function": "minecraft:set_count",
                "count": {
                  "min": 4,
                  "max": 8
                },
                "conditions": [
                  {
                    "condition": "minecraft:random_chance",
                    "chance": 0.01
                  }
                ]
              }
            ],
            "conditions": [
              {
                "condition": "minecraft:random_chance",
                "chance": 0.15
              }
            ]
          }
        ]
      }
    ]
  }
  