{
  "pools": [
    {
      "rolls": 1,
      "entries": [
        {
          "type": "minecraft:item",
          "name": "minecraft:spawner",
          "functions": [
            {
              "function": "minecraft:set_count",
              "count": 1
            }
          ]
        }
      ],
      "conditions": [
        {
          "condition": "minecraft:all_of",
          "terms": [
            {
              "condition": "minecraft:inverted",
              "term": {
                "condition": "minecraft:entity_scores",
                "entity": "this",
                "scores": {
                  "break_spawner_dummy": 1
                }
              }
            },
            {
              "condition": "minecraft:match_tool",
              "predicate": {
                "tag": "minecraft:pickaxes",
                "enchantments": [
                  {
                    "enchantment": "minecraft:silk_touch"
                  }
                ]
              }
            }
          ]
        }
      ]
    },
    {
      "rolls": 1,
      "entries": [
        {
          "type": "minecraft:item",
          "name": "minecraft:enderman_spawn_egg",
          "functions": [
            {
              "function": "minecraft:set_count",
              "count": 1
            },
            {
              "function": "minecraft:set_nbt",
              "tag": "{display:{Name:'{\"text\":\"Spawner Spawn Egg\",\"italic\":false}'}}"
            },
            {
              "function": "minecraft:set_lore",
              "entity": "this",
              "lore": [
                {
                  "nbt": "SpawnerType",
                  "storage": "vu:spawner",
                  "italic": false,
                  "extra": [
                    {
                      "text": "",
                      "color": "light_gray",
                      "italic": false
                    }
                  ]
                }
              ]
            },
            {
              "function": "minecraft:copy_nbt",
              "source": {
                "type": "minecraft:storage",
                "source": "vu:spawner"
              },
              "ops": [
                {
                  "source": "SpawnerType",
                  "target": "EntityTag.id",
                  "op": "replace"
                }
              ]
            }
          ]
        }
      ],
      "conditions": [
        {
          "condition": "minecraft:all_of",
          "terms": [
            {
              "condition": "minecraft:match_tool",
              "predicate": {
                "tag": "minecraft:pickaxes",
                "enchantments": [
                  {
                    "enchantment": "minecraft:silk_touch"
                  }
                ]
              }
            },
            {
              "condition": "minecraft:inverted",
              "term": {
                "condition": "minecraft:entity_scores",
                "entity": "this",
                "scores": {
                  "break_spawner_dummy": 1
                }
              }
            }
          ]
        }
      ]
    }
  ]
}
